date,success,total,status
2026-09-08,11,11,✅ 정상
2026-09-09,11,11,✅ 정상
2026-09-10,0,11,❌ 전량 실패
2026-09-11,11,11,✅ 정상
2026-09-12,11,11,✅ 정상
2026-09-13,11,11,✅ 정상
2026-09-15,0,11,❌ 전량 실패
2026-09-16,11,11,✅ 정상
2026-09-17,11,11,✅ 정상
2026-09-18,11,11,✅ 정상
2026-09-19,11,11,✅ 정상
2026-09-20,0,11,❌ 전량 실패
2026-09-21,0,11,❌ 전량 실패
2026-09-22,11,11,✅ 정상
2026-09-23,11,11,✅ 정상
2026-09-24,11,11,✅ 정상
2026-09-25,11,11,✅ 정상
2026-09-26,11,11,✅ 정상
2026-09-27,11,11,✅ 정상
2026-09-28,11,11,✅ 정상
2026-09-29,11,11,✅ 정상
2026-09-30,0,11,❌ 전량 실패
2026-10-01,11,11,✅ 정상
2026-10-02,11,11,✅ 정상
2026-10-03,11,11,✅ 정상
2026-10-04,11,11,✅ 정상
2026-10-05,11,11,✅ 정상
2026-10-06,11,11,✅ 정상
2026-10-07,11,11,✅ 정상
2026-10-08,0,11,❌ 전량 실패
