series_id,label,value,date,unit,stat_code,period,chg_prev,chg_mid,chg_yoy,note,source
BOK_BASE_RATE,한국은행 기준금리,3.0,202609,%,722Y001,M,0.0,0.5,0.5,중립금리 2.5% 추정. 인하/인상 기조 전환 핵심 지표,ecos
GOV_BOND_3Y,국고채 3년,3.991,202609,%,721Y001,M,0.203,0.197,1.527,단기 정책금리 기대 반영. 기준금리와 스프레드 확대 시 유동성 위험,ecos
GOV_BOND_10Y,국고채 10년,4.454,202609,%,721Y001,M,0.168,0.273,1.605,글로벌 장기 기준금리. 5% 이상 시 재정·기업 부담 가중,ecos
CD_91D,CD 91일,3.17,202609,%,721Y001,M,0.2,0.26,0.61,단기 자금시장 유동성 지표. 기준금리 괴리 확대 시 경계,ecos
CORP_BOND_AA_MINUS,회사채 AA-,4.663,202609,%,721Y001,M,0.177,0.234,1.737,[참조전용] 우량 기업 조달비용. 국채 대비 스프레드 확대 시 신용 위험 상승,ecos
CORP_BOND_BBB_MINUS,회사채 BBB-,10.466,202609,%,721Y001,M,0.174,0.22,1.694,투기등급 기업 조달비용. CREDIT_SPREAD와 함께 신용 리스크 점검,ecos
CPI_YOY,소비자물가지수 전년비(ECOS 재배포),2.88,202609,%,901Y009,M,-0.21,-0.28,0.78,[재배포 대체] KOSIS_CPI_YOY 실패 시 대체 소스,ecos
CORE_CPI_YOY,근원물가지수(농산물·석유류제외) 전년비(ECOS 재배포),2.73,202609,%,901Y010,M,-0.39,0.29,0.35,[재배포 대체] KOSIS_CORE_CPI_YOY 실패 시 대체 소스. SIG02 실질금리갭 핵심 입력,ecos
PPI_YOY,생산자물가 전년비,7.93,202608,%,404Y014,M,0.24,-0.71,7.32,기업 비용 압박 선행지표. CPI 3~6개월 선행 가능성,ecos
IMPORT_PRICE_YOY,수입물가 전년비,60.05,202608,%,403Y005,M,10.36,23.9,51.82,수입 비용 충격. 환율·원자재 복합 영향. 급등 시 소비자물가 전가 경계,ecos
CLI_COINCIDENT,경기동행지수순환변동(ECOS 재배포),101.7,202608,지수,901Y067,M,0.5,1.8,1.8,[재배포 대체] KOSIS_CLI_COINCIDENT 실패 시 대체 소스. SIG08 경기사이클 핵심 입력,ecos
CLI_LEADING,경기선행지수순환변동(ECOS 재배포),104.2,202608,지수,901Y067,M,-0.1,1.3,4.4,[재배포 대체] KOSIS_CLI_LEADING 실패 시 대체 소스. SIG08 경기사이클 핵심 입력,ecos
GDP_GROWTH_QOQ,실질GDP 전기비,1.41,2026Q2,%,200Y104,Q,-2.54,1.99,-0.7,[참조전용] 전분기비 성장률. 2분기 연속 음수 시 기술적 침체,ecos
GDP_GROWTH_YOY,실질GDP 전년비,6.57,2026Q2,%,200Y104,Q,-0.73,4.02,4.21,전년비 성장률. 잠재성장률(약 2%) 대비 위치 파악,ecos
INDPRO_YOY,광공업생산지수 전년비(ECOS 재배포),14.69,202608,%,401Y015,M,4.28,-3.49,19.53,[재배포 대체] KOSIS_INDPRO_YOY 실패 시 대체 소스. 광공업생산 모멘텀(SIG09),ecos
SERVICE_PROD_YOY,서비스업생산지수 전년비(ECOS 재배포),4.87,202608,%,901Y038,M,1.11,-0.26,3.59,[재배포 대체] KOSIS_SERVICE_PROD_YOY 실패 시 대체 소스. SIG06 내수·소비 보조 입력,ecos
M2_YOY,M2 광의통화 전년비,5.77,202607,%,161Y006,M,-0.19,0.1,1.38,"[참조전용] 광의통화 전년비. 음수 시 디플레 우려, 10% 이상 시 과잉 유동성",ecos
BASE_MONEY,본원통화 잔액,205426.0,202607,십억원,102Y004,M,397.1,1700.6,15687.4,[참조전용] 본원통화 잔액. 통화 공급 기초. YoY 감소 시 긴축 기조,ecos
BANK_LOANS,예금은행 총대출금,2571800.6,202607,십억원,104Y016,M,13558.7,44012.4,118617.3,"[참조전용] 예금은행 총대출금. 증가=신용 확장, 감소=긴축 압력",ecos
KB_HOUSE_YOY,KB주택매매가격 전년비,3.21,202609,%,901Y062,M,0.27,0.63,2.94,KB주택매매가격 전년비. 부동산 경기·자산효과 소비 연동,ecos
KB_JEONSE_YOY,KB주택전세가격 전년비,3.44,202609,%,901Y063,M,0.24,0.77,2.62,전세가격 전년비. 주거비 부담 및 전세-매매 갭 모니터링,ecos
HOUSING_START,주택착공지수,118.3,202608,지수,901Y066,M,-24.7,-4.0,16.4,주택착공지수. 건설경기 선행. 금리 인상 후 6~12개월 후행,ecos
KOSPI,KOSPI 지수,6625.93,20261008,pt,802Y001,D,-177.97,-369.46,,KOSPI 지수(ECOS 802Y001 일별). SIG12 전용 - 레짐 성장 제외,ecos
KOSDAQ,KOSDAQ 지수,892.27,20261008,pt,802Y001,D,-6.16,70.08,,[참조전용] KOSDAQ 지수(ECOS 802Y001 일별). 추세·방향성 참고,ecos
USD_KRW,원/달러 환율 월평균,1359.0,202609,원,731Y004,M,-47.3,-168.3,-32.83,[참조전용] 원/달러 환율 월평균. 상승=원화 약세. 수입물가·외화부채 압박,ecos
CD_BOK_SPREAD,CD-기준금리 스프레드 (파생),0.17,202609,%,721Y001,M,0.2,-0.24,0.11,CD-기준금리 스프레드(파생). 단기 유동성 프리미엄 확대 시 경계,ecos
CREDIT_SPREAD,회사채BBB-국채3Y 스프레드 (파생),6.475,202609,%,721Y001,M,-0.029,0.023,0.167,회사채BBB-국채3Y 스프레드(파생). 기업 신용 리스크 핵심 지표,ecos
CCSI,소비자심리지수(CCSI),106.6,202609,지수,511Y002,M,2.1,0.0,-3.4,"[SIG13 경제심리 종합] 소비자심리지수. 100 기준, >100 낙관/<100 비관",ecos
ESI_RAW,경제심리지수(ESI) 원계열,99.9,202609,지수,513Y001,M,0.5,3.1,8.2,"[참조전용] 경제심리지수 원계열. SIG13 상세문에 참고 표시만, 점수 미반영(ESI_CYCLE 채택)",ecos
ESI_CYCLE,경제심리지수(ESI) 순환변동치,98.3,202609,지수,513Y001,M,0.7,2.0,5.0,[SIG13 경제심리 종합] 경제심리지수 순환변동치. 추세 제거된 방향성 참고,ecos
EXPECTED_INFLATION,향후1년 기대인플레이션율,2.7,202609,%,511Y003,M,0.0,-0.1,0.2,[SIG04 기대인플레 디앵커링] 향후1년 기대인플레이션율. KOSIS 대체 없음(ECOS 단일 소스),ecos
FX_RESERVES,외환보유액 합계,440556657.0,202609,백만달러,732Y001,M,-1724657.0,13197394.0,18541102.0,"[참조전용] 외환보유액 합계. 대외지급능력·환율방어 여력. 스톡 지표라 임계치 미확정, 편입 보류",ecos
HOUSEHOLD_LOANS,예금은행 가계대출,1028397.0,202607,십억원,151Y002,M,5524.0,16931.9,30634.8,"[참조전용] 예금은행 가계대출 잔액. 가계 레버리지 수준. 스톡 지표라 임계치 미확정, 편입 보류",ecos
UNSOLD_HOUSING,미분양주택(전국),69134.0,202608,호,901Y074,M,917.0,3895.0,2521.0,[SIG11 주택시장] 미분양주택(전국). 공급과잉 스코어링 반영,ecos
APT_PRICE_NATIONAL,아파트실거래가지수(전국) 전년비,5.44,202607,%,901Y089,M,0.62,1.63,4.49,[SIG11 주택시장] 아파트실거래가지수(전국) 전년비. KB매매가격YoY와 병행 스코어링,ecos
APT_PRICE_SEOUL,아파트실거래가지수(서울),101.9,202607,지수,901Y089,M,1.9,5.7,12.9,[참조전용] 아파트실거래가지수(서울),ecos
APT_PRICE_CAPITAL,아파트실거래가지수(수도권),101.2,202607,지수,901Y089,M,1.2,4.2,8.4,[참조전용] 아파트실거래가지수(수도권),ecos
DELINQUENCY_HOUSEHOLD,가계대출 연체율,0.5,202607,%,901Y054,M,0.0,0.0,0.0,[SIG07 신용 스트레스] 가계대출 연체율. 크레딧·CD 스프레드와 병행 스코어링(실현 신용스트레스),ecos
KOSIS_CPI_YOY,소비자물가 전년동월비,2.88,202609,%,DT_1J22003_T,M,-0.21,-0.28,0.78,소비자물가 기준지표. 통계청 익월 초 발표. BOK 목표 2%,kosis
KOSIS_CORE_CPI_YOY,근원물가 전년동월비(농산물·석유류제외),2.73,202609,%,DT_1J22007_T,M,-0.39,0.29,0.35,통계청 농산물·석유류제외(구 ECOS QB와 동일 계열),kosis
KOSIS_UNEMP_RATE,실업률,2.0,202608,%,DT_1DA7002S_T80,M,-0.6,-0.9,0.0,실업률. 상승 지속 시 고용 둔화 경계,kosis
KOSIS_EMP_RATE,고용률(15세이상),63.3,202608,%,DT_1DA7002S_T90,M,0.0,0.0,0.0,고용률(15세이상). 실업률과 교차 확인으로 고용 질 파악,kosis
KOSIS_LABOR_PART,경제활동참가율,64.6,202608,%,DT_1DA7002S_T60,M,-0.4,-0.6,0.0,[참조전용] 신호/레짐 점수 미사용. 경제활동참가율,kosis
KOSIS_EMP_CHANGE,취업자수 전년동기 증감,184.0,202608,천명,DT_1DA7002S_T30,M,76.4,223.7,17.8,취업자수 전년동기 증감(천명). 0 이하 지속 시 고용 악화,kosis
KOSIS_CLI_COINCIDENT,동행지수 순환변동치,101.7,202608,지수,DT_1C8015_T1,M,0.5,1.8,1.8,"동행지수 순환변동치(100기준). 통계청 원천, 약 2개월 지연",kosis
KOSIS_CLI_LEADING,선행지수 순환변동치,104.2,202608,지수,DT_1C8015_T1,M,-0.1,1.3,4.4,선행지수 순환변동치(100기준). 6개월 선행 경기 방향 포착,kosis
KOSIS_INDPRO_YOY,광공업생산지수 전년비,-3.21,202608,%,DT_1F02011_T10,M,-7.93,-1.41,-2.25,"광공업생산지수 전년비(DT_1F02011). 통계청 원천, 익월 말 발표",kosis
KOSIS_RETAIL_YOY,소매판매 전년동월비,-0.3,202608,%,DT_1K41012_T2,M,0.67,-1.74,0.2,소매판매 전년동월비(DT_1K41012). 내수 소비 핵심 지표,kosis
KOSIS_SERVICE_PROD_YOY,서비스업생산지수 전년비,-1.07,202608,%,DT_1KC2020_T2,M,1.33,7.69,6.28,서비스업생산지수 전년비. 내수 서비스 경기 반영,kosis
